Name,Salary,Age,Team,Games,Rebounds,Assists,Steals,Blocks,Turnovers,Points
Stephen Curry,48070014,34,GSW,56,6.1,6.3,0.9,0.4,3.2,29.4
John Wall,47345760,32,LAC,34,2.7,5.2,0.8,0.4,2.4,11.4
Russell Westbrook,47080179,34,LAL/LAC,73,5.8,7.5,1.0,0.5,3.5,15.9
LeBron James,44474988,38,LAL,55,8.3,6.8,0.9,0.6,3.2,28.9
Kevin Durant,44119845,34,BRK/PHO,47,6.7,5.0,0.7,1.4,3.3,29.1
Bradley Beal,43279250,29,WAS,50,3.9,5.4,0.9,0.7,2.9,23.2
Kawhi Leonard,42492492,31,LAC,52,6.5,3.9,1.4,0.5,1.7,23.8
Paul George,42492492,32,LAC,56,6.1,5.1,1.5,0.4,3.1,23.8
Giannis Antetokounmpo,42492492,28,MIL,63,11.8,5.7,0.8,0.8,3.9,31.1
Damian Lillard,42492492,32,POR,58,4.8,7.3,0.9,0.3,3.3,32.2
Klay Thompson,40600080,32,GSW,69,4.1,2.4,0.7,0.4,1.8,21.9
Kyrie Irving,38917057,30,BRK/DAL,60,5.1,5.5,1.1,0.8,2.1,27.1
Rudy Gobert,38172414,30,MIN,70,11.6,1.2,0.8,1.4,1.7,13.4
Khris Middleton,37984276,31,MIL,33,4.2,4.9,0.7,0.2,2.2,15.1
Anthony Davis,37980720,29,LAL,56,12.5,2.6,1.1,2.0,2.2,25.9
Jimmy Butler,37653300,33,MIA,64,5.9,5.3,1.8,0.3,1.6,22.9
Tobias Harris,37633050,30,PHI,74,5.7,2.5,0.9,0.5,1.2,14.7
Kemba Walker,37281261,32,DAL,9,1.8,2.1,0.2,0.2,0.4,8.0
Trae Young,37096500,24,ATL,73,3.0,10.2,1.1,0.1,4.1,26.2
Zach LaVine,37096500,27,CHI,77,4.5,4.2,0.9,0.2,2.5,24.8
Ben Simmons,35448672,26,BRK,42,6.3,6.1,1.3,0.6,2.3,6.9
Pascal Siakam,35448672,28,TOR,71,7.8,5.8,0.9,0.5,2.4,24.2
Myles Turner,35096500,26,IND,62,7.5,1.4,0.6,2.3,1.7,18.0
Jrue Holiday,34319520,32,MIL,67,5.1,7.4,1.2,0.4,2.9,19.3
Karl-Anthony Towns,33833400,27,MIN,29,8.1,4.8,0.7,0.6,3.0,20.8
Devin Booker,33833400,26,PHO,53,4.5,5.5,1.0,0.3,2.7,27.8
Andrew Wiggins,33616770,27,GSW,37,5.0,2.3,1.2,0.8,1.3,17.1
Joel Embiid,33616770,28,PHI,66,10.2,4.2,1.0,1.7,3.4,33.1
CJ McCollum,33333333,31,NOP,75,4.4,5.7,0.9,0.5,2.4,20.9
James Harden,33000000,33,PHI,58,6.1,10.7,1.2,0.5,3.4,21.0
Jamal Murray,31650600,25,DEN,65,4.0,6.2,1.0,0.2,2.2,20.0
Brandon Ingram,31650600,25,NOP,45,5.5,5.8,0.7,0.4,3.3,24.7
D'Angelo Russell,31377750,26,LAL/MIN,71,3.0,6.2,1.0,0.4,2.6,17.8
Donovan Mitchell,30913750,26,CLE,68,4.3,4.4,1.5,0.4,2.6,28.3
Shai Gilgeous-Alexander,30913750,24,OKC,68,4.8,5.5,1.6,1.0,2.8,31.4
Deandre Ayton,30913750,24,PHO,67,10.0,1.7,0.6,0.8,1.8,18.0
Kevin Love,30556968,34,CLE/MIA,62,6.4,1.9,0.3,0.2,1.1,8.2
Jayson Tatum,30351780,24,BOS,74,8.8,4.6,1.1,0.7,2.9,30.1
Bam Adebayo,30351780,25,MIA,75,9.2,3.2,1.2,0.8,2.5,20.4
De'Aaron Fox,30351780,25,SAC,73,4.2,6.1,1.1,0.3,2.5,25.0
Gordon Hayward,30075000,32,CHO,50,4.3,4.1,0.8,0.2,2.0,14.7
Jaylen Brown,29776785,26,BOS,67,6.9,3.5,1.1,0.4,2.9,26.6
Chris Paul,28400000,37,PHO,59,4.3,8.9,1.5,0.4,1.9,13.9
Kyle Lowry,28333334,36,MIA,55,4.1,5.1,1.0,0.4,1.9,11.2
Jalen Brunson,27733332,26,NYK,68,3.5,6.2,0.9,0.2,2.1,24.0
DeMar DeRozan,27300000,33,CHI,74,4.6,5.1,1.1,0.5,2.1,24.5
Al Horford,26500000,36,BOS,63,6.2,3.0,0.5,1.0,0.6,9.8
Draymond Green,25806468,32,GSW,73,7.2,6.8,1.0,0.8,2.8,8.5
Julius Randle,23760000,28,NYK,77,10.0,4.1,0.6,0.3,2.8,25.1
John Collins,23500000,25,ATL,71,6.5,1.2,0.6,1.0,1.1,13.1
Mike Conley,22680000,35,MIN/UTA,67,2.7,6.7,1.1,0.2,1.5,11.9
Malcolm Brogdon,22600000,30,BOS,67,4.2,3.7,0.7,0.3,1.5,14.9
Anfernee Simons,22321429,23,POR,62,2.6,4.1,0.7,0.2,2.1,21.1
Terry Rozier,21486316,28,CHO,63,4.1,5.1,1.2,0.3,2.1,21.1
Fred VanVleet,21250000,28,TOR,69,4.1,7.2,1.8,0.6,2.0,19.3
Buddy Hield,21177750,30,IND,80,5.0,2.8,1.2,0.3,1.7,16.8
Domantas Sabonis,21100000,26,SAC,79,12.3,7.3,0.8,0.5,2.9,19.1
Jerami Grant,20955000,28,POR,63,4.5,2.4,0.8,0.8,1.8,20.5
Aaron Gordon,20690909,27,DEN,68,6.6,3.0,0.8,0.8,1.4,16.3
Mikal Bridges,20100000,26,BRK/PHO,83,4.4,3.3,1.1,0.7,1.5,20.1
Jarrett Allen,20000000,24,CLE,68,9.8,1.7,0.8,1.2,1.4,14.3
Nicolas Batum,19700319,34,LAC,78,3.8,1.6,0.7,0.6,0.6,6.1
Eric Gordon,19568360,34,HOU/LAC,69,1.9,2.7,0.6,0.4,1.5,12.4
Spencer Dinwiddie,19500000,29,BRK/DAL,79,3.4,6.5,0.8,0.3,1.8,17.3
Caris LeVert,18796296,28,CLE,74,3.8,3.9,1.0,0.3,1.6,12.1
Joe Harris,18642857,31,BRK,74,2.2,1.4,0.5,0.2,0.6,7.6
Harrison Barnes,18352273,30,SAC,82,4.5,1.6,0.7,0.1,1.0,15.0
Clint Capela,18206896,28,ATL,65,11.0,0.9,0.7,1.2,0.8,12.0
Evan Fournier,18000000,30,NYK,27,1.8,1.3,0.6,0.1,0.8,6.1
Steven Adams,17926829,29,MEM,42,11.5,2.3,0.9,1.1,1.9,8.6
Jonathan Isaac,17400000,25,ORL,11,4.0,0.5,1.3,0.4,0.4,5.0
OG Anunoby,17357143,25,TOR,67,5.0,2.0,1.9,0.7,2.0,16.8
Marcus Smart,17207142,28,BOS,61,3.1,6.3,1.5,0.4,2.3,11.5
Derrick White,17142857,28,BOS,82,3.6,3.9,0.7,0.9,1.2,12.4
Dejounte Murray,17071120,26,ATL,74,5.3,6.1,1.5,0.3,2.2,20.5
Mitchell Robinson,17045454,24,NYK,59,9.4,0.9,0.9,1.8,0.7,7.4
Duncan Robinson,16902000,28,MIA,42,1.6,1.1,0.3,0.0,0.7,6.4
Norman Powell,16758621,29,LAC,60,2.9,1.8,0.8,0.3,1.7,17.0
Collin Sexton,16700000,24,UTA,48,2.2,2.9,0.6,0.1,1.8,14.3
Markelle Fultz,16500000,24,ORL,60,3.9,5.7,1.5,0.4,2.3,14.0
Lauri Markkanen,16475454,25,UTA,66,8.6,1.9,0.6,0.6,1.9,25.6
Marcus Morris,16372093,33,LAC,65,4.0,1.8,0.6,0.3,0.9,11.2
Malik Beasley,15558035,26,LAL/UTA,81,3.5,1.5,0.8,0.1,1.1,12.7
Luguentz Dort,15277778,23,OKC,74,4.6,2.1,1.0,0.3,1.2,13.7
Will Barton,15059712,32,WAS/TOR,56,2.4,2.0,0.5,0.2,0.9,6.8
Tyus Jones,15000000,26,MEM,80,2.5,5.2,1.0,0.1,0.9,10.3
Derrick Rose,14520730,34,NYK,27,1.5,1.7,0.3,0.2,0.8,5.6
Kevin Huerter,14508929,24,SAC,75,3.3,2.9,1.1,0.3,1.3,15.2
Christian Wood,14317459,27,DAL,67,7.3,1.8,0.4,1.1,1.8,16.6
Kentavious Caldwell-Pope,14004703,29,DEN,76,2.7,2.4,1.5,0.5,1.1,10.8
Brook Lopez,13906976,34,MIL,78,6.7,1.3,0.5,2.5,1.4,15.9
Patrick Beverley,13801614,34,LAL/CHI,67,3.7,2.9,0.9,0.6,0.9,6.2
Doug McDermott,13750000,31,SAS,64,2.2,1.4,0.2,0.1,0.9,10.2
Luke Kennard,13745455,26,LAC/MEM,59,2.7,1.5,0.5,0.1,0.8,9.3
Zion Williamson,13534817,22,NOP,29,7.0,4.6,1.1,0.6,3.4,26.0
Jordan Clarkson,13340000,30,UTA,61,4.0,4.4,0.5,0.2,3.0,20.8
Gary Harris,13000000,28,ORL,48,2.0,1.2,0.9,0.3,0.6,8.3
Kyle Kuzma,13000000,27,WAS,64,7.2,3.7,0.6,0.5,3.0,21.2
Josh Hart,12960000,27,NYK/POR,76,7.8,3.8,1.2,0.3,1.5,9.8
Dorian Finney-Smith,12939848,29,BRK/DAL,66,4.8,1.5,0.8,0.5,0.9,8.3
Kelly Olynyk,12804878,31,UTA,68,6.2,3.7,0.9,0.5,2.5,12.5
Chris Boucher,12690000,30,TOR,76,5.5,0.4,0.6,0.8,0.5,9.4
Robert Covington,12307692,32,LAC,48,3.5,1.2,0.8,0.7,0.7,6.0
Josh Richardson,12196094,29,NOP/SAS,65,2.7,2.7,1.1,0.3,1.3,10.1
Ja Morant,12119440,23,MEM,61,5.9,8.1,1.1,0.3,3.4,26.2
Danny Green,11710528,35,CLE/MEM,11,1.3,0.5,0.5,0.3,0.9,5.5
Terrence Ross,11500000,31,ORL/PHO,63,2.4,1.5,0.6,0.2,0.7,8.3
Reggie Jackson,11457217,32,DEN/LAC,68,2.1,3.4,0.7,0.1,1.7,10.2
Dillon Brooks,11400000,27,MEM,73,3.3,2.6,0.9,0.2,1.4,14.3
Richaun Holmes,11215260,29,SAC,42,1.9,0.2,0.1,0.3,0.3,3.1
Dwight Powell,11080125,31,DAL,76,4.1,0.9,0.6,0.3,0.9,6.7
Paolo Banchero,11055120,20,ORL,72,6.9,3.7,0.8,0.5,2.8,20.0
RJ Barrett,10900634,22,NYK,73,5.0,2.8,0.4,0.2,2.2,19.6
Bobby Portis,10843350,27,MIL,70,9.6,1.5,0.4,0.2,1.2,14.1
DeAndre Jordan,10733758,34,DEN,39,5.2,0.9,0.3,0.6,1.2,5.1
Anthony Edwards,10733400,21,MIN,79,5.8,4.4,1.6,0.7,3.3,24.6
Robert Williams,10714287,25,BOS,35,8.3,1.4,0.6,1.4,1.0,8.0
Cade Cunningham,10552800,21,DET,12,6.2,6.0,0.8,0.6,3.3,19.9
Mo Bamba,10300000,24,LAL/ORL,49,4.6,0.9,0.3,0.9,0.6,6.6
Talen Horton-Tucker,10260000,22,UTA,65,3.2,3.8,0.6,0.4,1.9,10.7
Jae Crowder,10183800,32,MIL,18,3.8,1.5,0.7,0.3,0.4,6.9
Ivica Zubac,10123457,25,LAC,76,9.9,1.0,0.4,1.3,1.5,10.8
Reggie Bullock,10012800,31,DAL,78,3.6,1.4,0.7,0.2,0.5,7.2
Alec Burks,10012800,31,DET,51,3.1,2.2,0.7,0.2,1.1,12.8
De'Andre Hunter,9835881,25,ATL,67,4.2,1.4,0.5,0.3,1.2,15.4
James Wiseman,9603360,21,GSW/DET,45,5.9,0.7,0.2,0.6,1.1,10.0
Landry Shamet,9500000,25,PHO,40,1.7,2.3,0.7,0.1,0.9,8.7
Malik Monk,9472219,24,SAC,77,2.6,3.9,0.6,0.3,1.9,13.5
Jalen Green,9441840,20,HOU,76,3.7,3.7,0.8,0.2,2.6,22.1
Jakob Poeltl,9398148,27,SAS/TOR,72,9.1,2.7,0.9,1.2,1.7,12.5
Nerlens Noel,9391069,28,BRK/DET,17,2.7,0.6,0.9,0.6,0.8,2.1
Royce O'Neale,9200000,29,BRK,76,5.1,3.7,0.9,0.6,1.5,8.8
Monte Morris,9125000,27,WAS,62,3.4,5.3,0.7,0.2,1.0,10.3
Mason Plumlee,9080417,32,LAC/CHO,79,8.9,3.1,0.6,0.6,1.5,10.8
Alex Caruso,9030000,28,CHI,67,2.9,2.9,1.5,0.7,1.1,5.6
Maxi Kleber,9000000,31,DAL,37,3.6,1.4,0.3,0.8,0.7,5.9
Grayson Allen,8925000,27,MIL,72,3.3,2.3,0.9,0.2,1.0,10.4
Darius Garland,8920794,23,CLE,69,2.7,7.8,1.2,0.1,2.9,21.6
Isaiah Hartenstein,8854879,24,NYK,82,6.5,1.2,0.6,0.8,0.8,5.0
Kyle Anderson,8780488,29,MIN,69,5.3,4.9,1.1,0.9,1.5,9.4
Victor Oladipo,8750000,30,MIA,42,3.0,3.5,1.4,0.3,2.1,10.7
Daniel Theis,8694369,30,IND,7,3.1,1.3,0.3,0.9,0.4,7.0
LaMelo Ball,8623920,21,CHO,36,6.4,8.4,1.3,0.3,3.6,23.3
Seth Curry,8496653,32,BRK,61,1.6,1.6,0.6,0.1,0.8,9.2
Evan Mobley,8478720,21,CLE,79,9.0,2.8,0.8,1.5,1.8,16.2
Gary Payton II,8300000,30,GSW/POR,22,3.1,1.4,1.0,0.2,0.7,4.6
Dewayne Dedmon,8283688,33,PHI/MIA,38,3.5,0.7,0.2,0.5,0.7,5.2
De'Anthony Melton,8250000,24,PHI,77,4.1,2.6,1.6,0.5,1.3,10.1
JaMychal Green,8200000,32,GSW,57,3.6,0.9,0.4,0.4,0.9,6.4
Keegan Murray,8008440,22,SAC,80,4.6,1.2,0.8,0.5,0.8,12.2
Kevon Looney,8000000,26,GSW,82,9.3,2.5,0.6,0.6,0.5,7.0
Thaddeus Young,8000000,34,TOR,54,3.1,1.4,1.0,0.1,0.8,4.4
Delon Wright,7804878,30,WAS,50,3.6,3.9,1.8,0.3,0.9,7.4
Patrick Williams,7775400,21,CHI,82,4.0,1.2,0.9,0.9,1.2,10.2
Scottie Barnes,7644600,21,TOR,77,6.6,4.8,1.1,0.8,2.0,15.3
Cedi Osman,7426088,27,CLE,77,2.3,1.5,0.5,0.1,0.7,8.7
Coby White,7413955,22,CHI,74,2.9,2.8,0.7,0.1,1.0,9.7
Zach Collins,7350000,25,SAS,63,6.4,2.9,0.6,0.8,2.0,11.6
Jaden Ivey,7252200,20,DET,74,3.9,5.2,0.8,0.2,3.2,16.3
Taurean Prince,7100000,28,MIN,54,2.4,1.6,0.5,0.3,1.3,9.1
Jae'Sean Tate,7065217,27,HOU,31,3.8,2.7,0.7,0.2,1.5,9.1
Isaac Okoro,7040880,22,CLE,76,2.5,1.1,0.7,0.4,0.6,6.4
Cody Martin,7000000,27,CHO,7,3.4,1.6,0.6,0.1,0.3,5.0
Jalen Suggs,6922320,21,ORL,53,3.0,2.9,1.3,0.5,1.8,9.9
Jaxson Hayes,6803012,22,NOP,47,2.8,0.7,0.4,0.4,0.7,5.0
Khem Birch,6667500,30,TOR,20,1.3,0.4,0.3,0.3,0.4,2.2
Bennedict Mathurin,6586800,20,IND,78,4.1,1.5,0.6,0.2,1.9,16.7
Bruce Brown,6479000,26,DEN,80,4.1,3.4,1.1,0.6,1.5,11.5
Caleb Martin,6479000,27,MIA,71,4.8,1.6,1.0,0.4,1.1,9.6
Joe Ingles,6479000,35,MIL,46,2.8,3.3,0.7,0.1,1.2,6.9
Onyeka Okongwu,6395160,22,ATL,80,7.2,1.0,0.7,1.3,1.0,9.9
Josh Giddey,6287400,20,OKC,76,7.9,6.2,0.8,0.4,2.8,16.6
Rui Hachimura,6263188,24,LAL/WAS,63,4.5,0.9,0.3,0.4,0.8,11.2
Rudy Gay,6184500,36,UTA,56,2.9,1.0,0.3,0.3,0.7,5.2
Jevon Carter,6025000,27,MIL,81,2.5,2.4,0.8,0.4,1.0,8.0
Shaedon Sharpe,6012960,19,POR,80,3.0,1.2,0.5,0.3,1.0,9.9
Cameron Payne,6000000,28,PHO,48,2.2,4.5,0.7,0.2,1.7,10.3
Justin Holiday,5987975,33,DAL/ATL,46,1.2,0.9,0.4,0.4,0.5,4.5
Cam Reddish,5954454,23,NYK/POR,40,2.2,1.4,1.0,0.4,1.2,9.7
Cameron Johnson,5887899,26,BRK/PHO,42,4.4,1.9,1.2,0.3,0.9,15.5
Ricky Rubio,5853659,32,CLE,33,2.1,3.5,0.8,0.2,0.9,5.2
Killian Hayes,5837760,21,DET,76,2.9,6.2,1.4,0.4,2.3,10.3
Jonathan Kuminga,5739840,20,GSW,67,3.4,1.9,0.6,0.5,1.4,9.9
Pat Connaughton,5728393,30,MIL,61,4.6,1.3,0.6,0.2,0.5,7.6
Tyler Herro,5722116,23,MIA,67,5.4,4.2,0.8,0.2,2.4,20.1
Romeo Langford,5634257,23,SAS,43,2.7,1.2,0.6,0.3,0.7,6.9
Dyson Daniels,5508600,19,NOP,59,3.2,2.3,0.7,0.2,1.0,3.8
JaVale McGee,5461219,35,DAL,42,2.5,0.3,0.1,0.6,0.9,4.4
Goga Bitadze,5377520,23,ORL/IND,38,3.6,1.0,0.4,0.7,0.6,4.4
Obi Toppin,5348280,24,NYK,67,2.8,1.0,0.3,0.2,0.6,7.4
Franz Wagner,5258280,21,ORL,80,4.1,3.5,1.0,0.2,2.1,18.6
Kendrick Nunn,5250000,27,LAL/WAS,70,1.6,1.3,0.4,0.1,0.9,7.1
Hamidou Diallo,5200000,24,DET,56,3.5,1.0,0.9,0.3,1.3,9.3
Cory Joseph,5155500,31,DET,62,1.7,3.5,0.5,0.1,0.9,6.9
Garrett Temple,5155500,36,NOP,25,0.7,0.5,0.4,0.1,0.2,2.0
Torrey Craig,5121951,32,PHO,79,5.4,1.5,0.6,0.8,0.9,7.4
Jeremy Sochan,5063520,19,SAS,56,5.3,2.5,0.8,0.4,1.7,11.0
Nickeil Alexander-Walker,5009633,24,MIN/UTA,59,1.7,1.8,0.5,0.4,0.9,6.2
Furkan Korkmaz,5000000,25,PHI,37,1.1,0.6,0.3,0.1,0.6,3.8
Deni Avdija,4916160,22,WAS,76,6.4,2.8,0.9,0.4,1.6,9.2
Davion Mitchell,4833600,24,SAC,80,1.3,2.3,0.6,0.2,0.8,5.6
Johnny Davis,4810320,20,WAS,28,2.3,1.0,0.4,0.3,0.6,5.8
Ty Jerome,4728948,25,GSW,45,1.7,3.0,0.5,0.1,0.7,6.9
Jalen Smith,4670160,22,IND,68,5.8,1.0,0.3,0.9,1.1,9.4
Ziaire Williams,4591680,21,MEM,37,2.1,0.9,0.4,0.2,1.0,5.7
Ousmane Dieng,4569840,19,OKC,39,2.7,1.2,0.4,0.2,0.7,4.9
Jeff Green,4500000,36,DEN,56,2.6,1.2,0.3,0.3,0.8,7.8
Donte DiVincenzo,4500000,26,GSW,72,4.5,3.5,1.3,0.1,1.6,9.4
Devin Vassell,4437000,22,SAS,38,3.9,3.6,1.1,0.4,1.5,18.5
Matisse Thybulle,4379526,25,PHI/POR,71,2.0,0.7,1.2,0.5,0.3,4.1
Jarred Vanderbilt,4374000,23,LAL/UTA,78,7.5,2.4,1.1,0.3,1.2,7.9
James Bouknight,4362240,22,CHO,34,2.1,1.2,0.4,0.1,0.9,5.6
Brandon Clarke,4343919,26,MEM,56,5.5,1.3,0.6,0.7,1.0,10.0
Jalen Williams,4341480,21,OKC,75,4.5,3.3,1.4,0.5,1.6,14.1
Grant Williams,4306281,24,BOS,79,4.6,1.7,0.5,0.4,1.0,8.1
Darius Bazley,4264628,22,OKC/PHO,43,3.2,0.9,0.5,0.8,0.6,5.2
Tyrese Haliburton,4215120,22,IND,56,3.7,10.4,1.6,0.4,2.5,20.7
Nassir Little,4171548,22,POR,54,2.6,0.9,0.4,0.4,0.7,6.6
Jalen Duren,4124280,19,DET,67,8.9,1.1,0.7,0.9,1.4,9.1
Gorgui Dieng,4105236,33,SAS,31,3.5,1.7,0.1,0.5,1.0,3.9
Justise Winslow,4097561,26,POR,29,5.0,3.4,1.0,0.4,1.5,6.8
Dylan Windler,4037277,26,CLE,3,0.0,0.3,0.3,0.0,0.3,1.7
Stanley Johnson,4022164,26,SAS,30,3.2,2.2,0.5,0.2,1.1,5.8
George Hill,4000000,36,MIL/IND,46,1.8,2.4,0.6,0.1,0.7,5.0
Terence Davis,4000000,25,SAC,64,2.2,1.0,0.7,0.2,0.8,6.7
Chris Duarte,3936960,25,IND,46,2.5,1.4,0.5,0.2,0.9,7.9
Alex Len,3918600,29,SAC,26,2.3,0.5,0.2,0.4,0.6,1.7
Ochai Agbaji,3918360,22,UTA,59,2.1,1.1,0.3,0.3,0.7,7.9
Jordan Poole,3901399,23,GSW,82,2.7,4.5,0.8,0.3,3.1,20.4
Keldon Johnson,3873024,23,SAS,63,5.0,2.9,0.7,0.2,2.1,22.0
James Johnson,3841067,35,IND,18,1.7,0.8,0.4,0.3,0.4,2.8
Aaron Nesmith,3804360,23,IND,73,3.8,1.3,0.8,0.5,1.0,10.1
Moses Moody,3740160,20,GSW,63,1.7,0.8,0.3,0.1,0.5,4.8
Mark Williams,3722040,21,CHO,43,7.1,0.4,0.7,1.0,0.9,9.0
Cole Anthony,3613680,22,ORL,60,4.8,3.9,0.6,0.5,1.5,13.0
Corey Kispert,3552840,23,WAS,74,2.8,1.2,0.4,0.1,0.7,11.1
AJ Griffin,3536160,19,ATL,72,2.1,1.0,0.6,0.2,0.6,8.9
Mike Muscala,3500000,31,BOS/OKC,63,3.2,0.8,0.2,0.4,0.4,6.1
Georges Niang,3465000,29,PHI,78,2.4,1.0,0.4,0.2,0.7,8.2
Isaiah Stewart,3433320,21,DET,50,8.1,1.4,0.4,0.7,1.4,11.3
Chuma Okeke,3433320,24,ORL,27,3.6,1.4,0.7,0.4,0.6,4.7
Amir Coffey,3395062,25,LAC,50,1.1,1.1,0.1,0.1,0.4,3.4
Tari Eason,3359160,21,HOU,82,6.0,1.1,1.2,0.6,1.2,9.3
Aleksej Pokusevski,3261480,21,OKC,34,4.7,1.9,0.6,1.3,1.3,8.1
Simone Fontecchio,3205128,27,UTA,52,1.7,0.8,0.3,0.2,0.8,6.3
Andre Drummond,3200000,29,CHI,67,6.6,0.5,0.7,0.4,1.1,6.0
Dalen Terry,3191400,20,CHI,38,1.0,0.6,0.3,0.1,0.2,2.2
Sterling Brown,3122602,27,LAL,4,2.0,0.5,0.8,0.0,0.0,0.0
Josh Green,3098400,22,DAL,60,3.0,1.7,0.7,0.1,1.2,9.1
Jake LaRavia,3047640,21,MEM,35,1.8,0.6,0.3,0.1,0.5,3.0
Tre Mann,3046200,21,OKC,67,2.3,1.8,0.6,0.2,0.9,7.7
Kevin Knox,3000000,23,DET/POR,63,2.8,0.5,0.4,0.2,0.8,6.6
Saddiq Bey,2959080,23,DET/ATL,77,4.7,1.5,0.9,0.2,0.9,13.8
Malaki Branham,2925600,19,SAS,66,2.7,1.9,0.5,0.1,1.2,10.2
Joe Wieskamp,2909261,23,TOR,9,0.4,0.3,0.0,0.0,0.1,1.0
Kai Jones,2909040,22,CHO,46,2.7,0.3,0.4,0.7,0.7,3.4
Taj Gibson,2905851,37,WAS,49,1.9,0.7,0.3,0.2,0.5,3.4
Bismack Biyombo,2905851,30,PHO,61,4.3,0.9,0.3,1.4,0.8,4.3
Udonis Haslem,2905851,42,MIA,7,1.6,0.0,0.1,0.3,0.1,3.9
Wesley Matthews,2905851,36,MIL,52,2.2,0.7,0.4,0.3,0.3,3.4
Austin Rivers,2905851,30,MIN,52,1.6,1.4,0.5,0.1,0.4,4.9
Serge Ibaka,2905851,33,MIL,16,2.8,0.3,0.1,0.4,0.7,4.1
Andre Iguodala,2905851,39,GSW,8,2.1,2.4,0.5,0.4,1.1,2.1
Markieff Morris,2905851,33,BRK/DAL,35,2.0,0.9,0.3,0.1,0.5,3.8
Robin Lopez,2905851,34,CLE,37,1.4,0.5,0.1,0.2,0.7,3.0
Blake Griffin,2905851,33,BOS,41,3.8,1.5,0.3,0.2,0.5,4.1
Precious Achiuwa,2840160,23,TOR,55,6.0,0.9,0.6,0.5,1.1,9.2
Christian Braun,2808600,21,DEN,76,2.4,0.8,0.5,0.2,0.5,4.7
Jordan Nwora,2800000,24,MIL/IND,62,3.7,1.4,0.4,0.2,1.1,8.7
Jalen Johnson,2792640,21,ATL,70,4.0,1.2,0.5,0.5,0.6,5.6
Tyrese Maxey,2726880,22,PHI,60,2.9,3.5,0.8,0.1,1.3,20.3
Bruno Fernando,2717391,24,HOU/ATL,39,3.5,0.8,0.2,0.9,0.6,3.9
Walker Kessler,2696400,21,UTA,74,8.4,0.9,0.4,2.3,0.8,9.2
Keon Johnson,2681040,20,POR,40,1.1,1.5,0.5,0.2,1.1,4.7
Charles Bassey,2674742,22,SAS,35,5.5,1.3,0.5,0.9,1.2,5.7
Matthew Dellavedova,2628597,32,SAC,32,0.4,1.3,0.2,0.0,0.3,1.5
Trey Lyles,2625000,27,SAC,74,4.1,0.9,0.4,0.4,0.9,7.6
Zeke Nnaji,2617800,22,DEN,53,2.6,0.3,0.3,0.4,0.6,5.2
David Roddy,2588640,21,MEM,70,2.8,0.8,0.4,0.3,0.8,6.7
Isaiah Jackson,2573760,21,IND,63,4.5,0.8,0.5,1.5,0.8,7.2
MarJon Beauchamp,2485200,22,MIL,52,2.2,0.7,0.4,0.1,0.9,5.1
Usman Garuba,2471160,20,HOU,75,4.1,0.9,0.6,0.4,0.6,3.0
Raul Neto,2463490,30,CLE,48,1.0,1.6,0.4,0.1,0.5,3.3
Frank Kaminsky,2463490,29,HOU/ATL,36,1.4,0.9,0.2,0.1,0.3,2.5
Montrezl Harrell,2463490,29,PHI,57,2.8,0.6,0.3,0.4,0.6,5.6
Blake Wesley,2385480,19,SAS,37,2.2,2.7,0.7,0.1,1.8,5.0
Josh Christopher,2372160,21,HOU,64,1.1,1.1,0.5,0.2,0.9,5.8
Isaiah Roby,2330681,24,SAS,42,2.5,0.9,0.4,0.2,0.7,4.1
Lindy Waters III,2316876,25,OKC,41,1.8,0.7,0.3,0.3,0.2,5.2
Immanuel Quickley,2316240,23,NYK,81,4.2,3.4,1.0,0.2,1.2,14.9
John Konchar,2300000,26,MEM,72,4.3,1.4,1.1,0.3,0.5,5.1
Damian Jones,2298385,27,LAL/UTA,41,3.0,0.4,0.2,0.5,0.6,3.5
Bryn Forbes,2298385,29,MIN,25,0.6,0.7,0.3,0.1,0.5,3.6
Rodney McGruder,2298385,31,DET,32,2.3,0.9,0.5,0.0,0.3,5.7
Quentin Grimes,2277000,22,NYK,71,3.2,2.1,0.7,0.4,1.0,11.3
Saben Lee,2266640,23,PHI/PHO,25,1.8,2.7,0.8,0.0,1.0,6.0
Andrew Nembhard,2244111,23,IND,75,2.7,4.5,0.9,0.2,1.7,9.5
Payton Pritchard,2239200,25,BOS,48,1.8,1.3,0.3,0.0,0.8,5.6
Bones Hyland,2201520,22,DEN/LAC,56,2.4,3.1,0.7,0.3,1.5,11.8
Bol Bol,2200000,23,ORL,70,5.8,1.0,0.4,1.2,1.6,9.1
Peyton Watson,2193960,20,DEN,23,1.6,0.5,0.1,0.5,0.3,3.3
Udoka Azubuike,2174880,23,UTA,36,3.3,0.3,0.2,0.4,0.5,3.5
Jaden McDaniels,2161440,22,MIN,79,3.9,1.9,0.9,1.0,1.4,12.1
Jordan McLaughlin,2160000,26,MIN,43,1.4,3.4,0.7,0.1,0.8,3.7
Malachi Flynn,2145720,24,TOR,53,1.4,1.3,0.4,0.1,0.5,4.6
Cam Thomas,2138160,21,BRK,57,1.7,1.4,0.4,0.1,1.1,10.6
Juan Toscano-Anderson,2133278,29,LAL/UTA,52,2.4,1.3,0.3,0.2,0.7,3.0
Damion Lee,2133278,30,PHO,74,3.0,1.3,0.4,0.1,1.1,8.2
Luke Kornet,2133278,27,BOS,69,2.9,0.8,0.2,0.7,0.4,3.8
Desmond Bane,2130240,24,MEM,58,5.0,4.4,1.0,0.4,2.2,21.5
Jaden Springer,2125200,20,PHI,16,0.9,0.5,0.4,0.2,0.2,2.6
Day'Ron Sharpe,2109480,21,BRK,48,4.2,0.8,0.3,0.7,0.9,4.7
Tony Bradley,2036318,25,CHI,12,0.9,0.1,0.1,0.1,0.1,1.6
Frank Ntilikina,2036318,24,DAL,47,1.3,1.2,0.3,0.1,0.6,2.9
Garrison Mathews,2000000,26,HOU/ATL,54,1.4,0.5,0.4,0.1,0.4,4.8
Jaylin Williams,2000000,20,OKC,49,4.9,1.6,0.6,0.2,0.8,5.9
Jeremiah Robinson-Earl,2000000,22,OKC,43,4.2,1.0,0.6,0.3,0.4,6.8
Kenrich Williams,2000000,28,OKC,53,4.9,2.0,0.8,0.3,0.6,8.0
Caleb Houstan,2000000,20,ORL,51,1.9,0.6,0.2,0.1,0.4,3.8
Shake Milton,1997718,26,PHI,76,2.5,3.2,0.3,0.2,1.2,8.4
Thomas Bryant,1968175,25,DEN/LAL,59,5.7,0.5,0.3,0.5,0.6,9.8
Drew Eubanks,1968175,25,POR,78,5.4,1.3,0.5,1.3,0.9,6.6
Josh Okogie,1968175,24,PHO,72,3.5,1.5,0.8,0.5,0.9,7.3
Yuta Watanabe,1968175,28,BRK,58,2.4,0.8,0.4,0.3,0.4,5.6
Theo Pinson,1968175,27,DAL,40,1.6,1.2,0.2,0.0,0.3,2.4
Aaron Holiday,1968175,26,ATL,63,1.2,1.4,0.6,0.2,0.6,3.9
Edmond Sumner,1968175,27,BRK,53,1.5,1.3,0.6,0.2,0.9,7.1
Dean Wade,1930681,26,CLE,44,3.4,0.8,0.6,0.5,0.4,4.7
Terance Mann,1930681,26,LAC,81,3.4,2.3,0.5,0.3,1.0,8.8
Jaylen Nowell,1930681,23,MIN,65,2.6,2.0,0.6,0.1,1.0,10.8
Naz Reid,1930681,23,MIN,68,4.9,1.1,0.6,0.8,1.4,11.5
Jalen McDaniels,1930681,25,PHI/CHO,80,4.3,1.6,1.0,0.4,1.2,9.4
Daniel Gafford,1930681,24,WAS,78,5.6,1.1,0.4,1.3,1.1,9.0
Chimezie Metu,1910860,25,SAC,66,3.0,0.6,0.3,0.3,0.5,4.9
Davon Reed,1902133,27,DEN/LAL,43,1.4,0.5,0.3,0.1,0.5,2.1
KZ Okpala,1902133,23,SAC,35,1.0,0.4,0.2,0.2,0.2,1.3
Moritz Wagner,1878720,25,ORL,57,4.5,1.5,0.6,0.2,1.2,10.5
Keita Bates-Diop,1878720,27,SAS,67,3.7,1.5,0.7,0.3,0.8,9.7
Thanasis Antetokounmpo,1878720,30,MIL,37,1.2,0.4,0.1,0.1,0.3,1.4
Wenyen Gabriel,1878720,25,LAL,68,4.2,0.5,0.4,0.5,0.7,5.5
Oshae Brissett,1846738,24,IND,65,3.4,0.7,0.5,0.2,0.5,6.1
Nathan Knight,1836090,25,MIN,38,1.5,0.3,0.3,0.2,0.6,3.7
Justin Jackson,1836090,27,BOS,23,0.7,0.4,0.2,0.2,0.1,0.9
Isaiah Joe,1836090,23,OKC,73,2.4,1.2,0.7,0.1,0.5,9.5
Ryan Arcidiacono,1836090,28,NYK/POR,20,0.8,1.2,0.3,0.0,0.4,1.3
Anthony Gill,1836090,30,WAS,59,1.7,0.6,0.1,0.2,0.3,3.3
Javonte Green,1815677,29,CHI,32,2.8,0.7,0.8,0.7,0.6,5.2
Gabe Vincent,1815677,26,MIA,68,2.1,2.5,0.9,0.1,1.4,9.4
Max Strus,1815677,26,MIA,80,3.2,2.1,0.5,0.2,0.9,11.5
Tre Jones,1782621,23,SAS,68,3.6,6.6,1.3,0.1,1.6,12.9
Paul Reed,1782621,23,PHI,69,3.8,0.4,0.7,0.7,0.7,4.2
Lamar Stevens,1782621,25,CLE,62,3.3,0.5,0.4,0.3,0.4,5.3
Naji Marshall,1782621,25,NOP,77,3.6,2.5,0.7,0.2,1.3,9.1
Nick Richards,1782621,25,CHO,65,6.4,0.6,0.2,1.1,0.9,8.2
Haywood Highsmith,1752638,26,MIA,54,3.5,0.8,0.7,0.3,0.8,4.4
Omer Yurtseven,1752638,24,MIA,9,2.6,0.2,0.2,0.2,0.4,4.4
Leandro Bolmaro,1709300,22,UTA,14,0.5,0.5,0.2,0.1,0.5,0.4
Terry Taylor,1703902,23,CHI/IND,31,1.5,0.3,0.1,0.2,0.3,2.9
Jared Butler,1674655,22,OKC,6,0.7,1.3,0.8,0.0,0.8,6.2
Jericho Sims,1639842,24,NYK,52,4.7,0.5,0.3,0.5,0.5,3.4
Kessler Edwards,1637966,22,BRK/SAC,36,1.7,0.6,0.4,0.2,0.4,2.8
Sam Hauser,1637966,25,BOS,80,2.6,0.9,0.4,0.3,0.4,6.4
Isaiah Todd,1575000,21,WAS,6,2.0,0.7,0.2,0.0,0.3,1.5
Austin Reaves,1563518,24,LAL,64,3.0,3.4,0.5,0.3,1.5,13.0
Dalano Banton,1563518,23,TOR,31,1.5,1.2,0.4,0.4,0.6,4.6
Trendon Watford,1563518,22,POR,62,3.8,2.1,0.5,0.2,1.1,7.4
Jock Landale,1563518,27,PHO,69,4.1,1.0,0.2,0.4,0.9,6.6
Aaron Wiggins,1563518,24,OKC,70,3.0,1.1,0.6,0.2,0.8,6.8
Miles McBride,1563518,22,NYK,64,0.8,1.1,0.6,0.1,0.4,3.5
Jose Alvarado,1563518,24,NOP,61,2.3,3.0,1.1,0.2,1.3,9.0
Jason Preston,1563518,23,LAC,14,1.6,1.9,0.1,0.0,0.7,2.9
Daishen Nix,1563518,20,HOU,57,1.7,2.3,0.5,0.1,1.5,4.0
Isaiah Livers,1563518,24,DET,52,2.8,0.8,0.5,0.5,0.6,6.7
Ayo Dosunmu,1563518,23,CHI,80,2.8,2.6,0.8,0.3,1.2,8.6
Marko Simonovic,1563518,23,CHI,7,0.3,0.0,0.0,0.0,0.0,0.9
JT Thor,1563518,20,CHO,69,2.2,0.5,0.3,0.3,0.6,3.8
Vit Krejci,1563518,22,ATL,29,0.9,0.6,0.2,0.0,0.2,1.2
Christian Koloko,1500000,22,TOR,58,2.9,0.5,0.4,1.0,0.3,3.1
Bryce McGowens,1461055,20,CHO,46,2.0,1.2,0.3,0.1,0.9,5.3
Jordan Goodwin,1280206,24,WAS,62,3.3,2.7,0.9,0.4,0.9,6.6
Kennedy Chandler,1200000,20,MEM,36,1.1,1.6,0.3,0.1,0.5,2.2
Noah Vonleh,1160955,27,BOS,23,2.1,0.3,0.1,0.3,0.5,1.1
Sandro Mamukelashvili,1116112,23,SAS/MIL,43,4.3,1.4,0.3,0.3,0.8,6.1
Sam Merrill,1105522,26,CLE,5,1.8,1.0,0.8,0.0,0.0,5.0
Max Christie,1017781,19,LAL,41,1.8,0.5,0.2,0.2,0.3,3.1
Jabari Walker,1017781,20,POR,56,2.3,0.6,0.2,0.2,0.5,3.9
Josh Minott,1017781,20,MIN,15,1.7,0.3,0.3,0.4,0.2,3.1
Tyrese Martin,1017781,23,ATL,16,0.8,0.1,0.1,0.0,0.1,1.3
Ryan Rollins,1017781,20,GSW,12,1.0,0.5,0.1,0.1,1.3,1.9
Jaden Hardy,1017781,20,DAL,48,1.9,1.4,0.4,0.1,1.0,8.8
Eugene Omoruyi,1013119,25,DET/OKC,40,2.8,0.7,0.7,0.1,0.9,7.0
Kris Dunn,1000001,28,UTA,22,4.5,5.6,1.1,0.5,1.6,13.2
Admiral Schofield,877940,25,ORL,37,1.7,0.8,0.2,0.1,0.4,4.2
Justin Champagnie,853241,21,BOS/TOR,5,1.6,0.8,0.2,0.0,0.0,2.2
Trevelin Queen,838891,25,IND,7,2.4,0.9,0.3,0.7,1.0,3.0
Moses Brown,824041,23,BRK/LAC,36,3.9,0.1,0.1,0.4,0.4,4.3
Matt Ryan,806097,25,LAL/MIN,34,0.8,0.5,0.1,0.0,0.2,3.6
PJ Dozier,784654,26,SAC,16,0.9,0.6,0.4,0.1,0.3,1.4
Cody Zeller,743922,30,MIA,15,4.3,0.7,0.2,0.3,0.9,6.5
Meyers Leonard,713558,30,MIL,9,3.8,0.1,0.2,0.0,0.7,4.8
Anthony Lamb,694878,25,GSW,62,3.5,1.5,0.5,0.3,0.9,6.7
Michael Carter-Williams,652829,31,ORL,4,1.3,1.8,0.3,0.3,1.0,4.3
Carlik Jones,612162,25,CHI,7,0.7,0.9,0.3,0.0,0.3,2.9
Trevor Keels,520589,19,NYK,3,0.7,0.0,0.0,0.0,0.0,1.0
Dereon Seabron,511816,22,NOP,5,0.2,0.0,0.0,0.0,0.0,0.8
Johnny Juzang,508891,21,UTA,18,2.2,0.4,0.2,0.2,0.2,4.8
Micah Potter,508891,24,UTA,7,2.3,0.6,0.1,0.0,0.3,3.4
Jeff Dowtin,508891,25,TOR,25,0.9,1.2,0.4,0.1,0.2,2.4
Julian Champagnie,508891,21,SAS/PHI,17,3.5,0.6,0.4,0.3,0.6,9.7
Cole Swider,508891,23,LAL,7,1.0,0.6,0.0,0.0,0.0,1.3
Dominick Barlow,508891,19,SAS,28,3.6,0.9,0.4,0.7,0.5,3.9
Neemias Queta,508891,23,SAC,5,2.2,0.2,0.0,0.4,0.2,2.4
Keon Ellis,508891,23,SAC,16,0.5,0.4,0.3,0.1,0.1,1.5
Kevon Harris,508891,25,ORL,34,2.1,0.5,0.5,0.1,0.6,4.1
Luka Garza,508891,24,MIN,28,2.3,0.6,0.1,0.1,0.5,6.5
Jamal Cain,508891,23,MIA,18,2.9,0.7,0.6,0.1,0.3,5.4
Mamadi Diakite,508891,26,CLE,22,1.4,0.4,0.2,0.4,0.5,2.6
Kendall Brown,508891,19,IND,6,1.0,0.5,0.7,0.0,0.3,1.5
Trevor Hudgins,508891,23,HOU,5,0.0,0.6,0.0,0.0,0.2,1.8
Darius Days,508891,23,HOU,4,1.5,0.3,0.0,0.3,0.0,3.8
Buddy Boeheim,508891,23,DET,10,0.6,0.4,0.2,0.0,0.0,1.6
Jack White,508891,25,DEN,17,1.0,0.2,0.2,0.1,0.1,1.2
Isaiah Mobley,508891,23,CLE,12,1.7,0.3,0.3,0.3,0.1,2.6
Malcolm Hill,508891,27,CHI,5,0.6,0.0,0.0,0.0,0.0,1.0
JD Davison,508891,20,BOS,12,0.8,0.9,0.2,0.2,0.3,1.6
Mfiondu Kabengele,508891,25,BOS,4,2.5,0.0,0.5,0.0,0.3,1.5
Trent Forrest,508891,24,ATL,23,1.6,1.7,0.3,0.1,0.7,2.3
John Butler,503041,20,POR,19,0.9,0.6,0.4,0.5,0.1,2.4
Chima Moneke,500000,27,SAC,2,1.0,0.5,0.0,0.0,1.0,1.0
Facundo Campazzo,464299,31,DAL,8,0.3,1.1,0.8,0.0,0.4,1.3
Orlando Robinson,386055,22,MIA,31,4.1,0.8,0.4,0.4,0.5,3.7
Dru Smith,374357,25,BRK/MIA,15,1.6,1.5,0.7,0.3,0.2,2.9
Jared Rhoden,307089,23,DET,14,2.6,0.3,0.3,0.1,0.2,3.2
Louis King,307089,23,PHI,1,4.0,2.0,1.0,0.0,2.0,20.0
Jarrett Culver,260295,23,ATL,10,3.8,0.6,0.6,0.2,0.7,4.4
Olivier Sarr,257371,23,OKC,9,3.4,0.4,0.1,0.6,0.4,4.0
Alondes Williams,254446,23,BRK,1,1.0,0.0,0.0,0.0,2.0,0.0
Donovan Williams,239822,21,ATL,2,1.0,0.0,0.0,0.0,0.0,2.0
Quenton Jackson,219630,24,WAS,9,0.9,1.7,0.4,0.1,0.4,6.2
Chris Silva,211045,26,DAL,1,0.0,0.0,0.0,0.0,1.0,2.0
Tyler Dorsey,201802,26,DAL,3,0.7,0.0,0.0,0.0,0.0,3.0
Braxton Key,201802,25,DET,3,0.3,0.0,0.0,0.0,0.0,1.3
Jordan Hall,193027,21,SAS,9,1.3,1.2,0.1,0.0,0.8,3.1
Alize Johnson,192293,26,SAS,4,2.5,0.3,0.3,0.0,1.0,1.8
Devon Dotson,169630,23,WAS,6,1.7,1.3,0.8,0.0,0.5,0.5
Mac McClung,160856,24,PHI,2,5.0,4.5,0.0,0.0,1.5,12.5
Xavier Cooks,140384,27,WAS,10,3.8,0.6,0.6,0.4,0.8,3.8
Shaquille Harrison,134862,29,POR,5,4.4,6.0,2.2,0.4,1.2,8.8
Lester Quinones,129405,22,GSW,4,0.8,0.5,0.3,0.0,1.3,2.5
Xavier Moon,116986,28,LAC,4,0.8,1.3,0.0,0.0,0.3,1.8
Jamaree Bouyea,116986,23,MIA/WAS,5,1.2,0.8,0.8,0.4,0.8,3.0
Jay Huff,116986,24,WAS,7,3.0,1.4,0.4,0.6,0.7,7.3
Skylar Mays,116574,25,POR,6,3.2,8.3,1.0,0.2,1.7,15.3
Frank Jackson,113114,24,UTA,1,2.0,1.0,0.0,0.0,0.0,0.0
Jarrell Brantley,105522,26,UTA,4,1.5,0.8,0.0,0.5,0.5,5.5
Deonte Burton,105522,29,SAC,2,0.0,0.0,0.0,0.0,0.0,0.0
Xavier Sneed,102910,25,CHO,4,1.3,1.3,0.0,0.3,0.8,4.3
Lindell Wigginton,99438,24,MIL,7,1.0,2.0,0.0,0.3,1.7,7.1
Jordan Schakel,96514,24,WAS,2,0.0,0.5,0.5,0.0,0.0,1.5
Stanley Umude,58493,23,DET,1,0.0,0.0,1.0,1.0,0.0,2.0
Jeenathan Williams,52644,23,POR,5,3.0,2.0,0.6,0.4,0.8,10.6
Jay Scrubb,49719,22,ORL,2,3.0,0.5,1.0,0.0,1.5,6.5
Justin Minaya,35096,23,POR,4,3.8,1.0,0.5,1.3,1.0,4.3
Kobi Simmons,32795,25,CHO,5,0.8,1.0,0.0,0.4,0.2,1.0
Gabe York,32171,29,IND,3,2.0,1.7,0.7,0.0,0.0,8.0
RaiQuan Gray,5849,23,BRK,1,9.0,7.0,0.0,1.0,4.0,16.0
Jacob Gilyard,5849,24,MEM,1,4.0,7.0,3.0,0.0,2.0,3.0
